"clim_center","mod","run","scenario"
"BCC","BCC_CSM1_1m","r1i1p1_historical","rcp45"
"MIROC","MIROC5","r1i1p1_historical","rcp60"
"NASA_GISS","GISS_E2_R","r1i1p1_historical","rcp60"
"BCC","BCC_CSM1_1m","r1i1p1_historical","rcp85"
"BNU","BNU_ESM","r1i1p1_historical","rcp85"
"IPSL","IPSL_CM5A_MR","r1i1p1_historical","rcp26"
"BNU","BNU_ESM","r1i1p1_historical","rcp45"
"LASG_CESS","FGOALS_g2","r1i1p1_historical","rcp26"
"NCC","NorESM1_M","r1i1p1_historical","rcp26"
"MIROC","MIROC_ESM_CHEM","r1i1p1_historical","rcp85"
"MPI_M","MPI_ESM_LR","r1i1p1_historical","rcp26"
"MIROC","MIROC_ESM_CHEM","r1i1p1_historical","rcp45"
"MRI","MRI_CGCM3","r1i1p1_historical","rcp26"
"IPSL","IPSL_CM5A_LR","r1i1p1_historical","rcp45"
"IPSL","IPSL_CM5A_LR","r1i1p1_historical","rcp85"
"MIROC","MIROC_ESM","r1i1p1_historical","rcp45"
"MIROC","MIROC_ESM","r1i1p1_historical","rcp85"
"MPI_M","MPI_ESM_MR","r1i1p1_historical","rcp85"
"MPI_M","MPI_ESM_MR","r1i1p1_historical","rcp45"
"CSIRO_QCCCE","CSIRO_Mk3_6_0","r1i1p1_historical","rcp26"
"NASA_GISS","GISS_E2_R","r1i1p1_historical","rcp85"
"BCC","BCC_CSM1_1","r1i1p1_historical","rcp26"
"MIROC","MIROC5","r1i1p1_historical","rcp85"
"BCC","BCC_CSM1_1m","r1i1p1_historical","rcp60"
"NASA_GISS","GISS_E2_R","r1i1p1_historical","rcp45"
"MIROC","MIROC5","r1i1p1_historical","rcp45"
"IPSL","IPSL_CM5A_LR","r1i1p1_historical","rcp60"
"MIROC","MIROC_ESM_CHEM","r1i1p1_historical","rcp60"
"CCCMA","CanESM2","r1i1p1_historical","rcp26"
"NIMR_KMA","HadGEM2_AO","r1i1p1_historical","rcp26"
"FIO","FIO_ESM","r1i1p1_historical","rcp26"
"CSIRO_BOM","ACCESS1_0","r1i1p1_historical","rcp85"
"MIROC","MIROC_ESM","r1i1p1_historical","rcp60"
"CSIRO_BOM","ACCESS1_0","r1i1p1_historical","rcp45"
"FIO","FIO_ESM","r1i1p1_historical","rcp45"
"FIO","FIO_ESM","r1i1p1_historical","rcp85"
"CCCMA","CanESM2","r1i1p1_historical","rcp45"
"CCCMA","CanESM2","r1i1p1_historical","rcp85"
"NIMR_KMA","HadGEM2_AO","r1i1p1_historical","rcp45"
"INM","INM_CM4","r1i1p1_historical","rcp45"
"MRI","MRI_CGCM3","r1i1p1_historical","rcp60"
"CSIRO_BOM","ACCESS1_3","r1i1p1_historical","rcp45"
"CSIRO_BOM","ACCESS1_3","r1i1p1_historical","rcp85"
"NCC","NorESM1_M","r1i1p1_historical","rcp60"
"MOHC","HadGEM2_CC","r1i1p1_historical","rcp45"
"MOHC","HadGEM2_CC","r1i1p1_historical","rcp85"
"BCC","BCC_CSM1_1","r1i1p1_historical","rcp45"
"MIROC","MIROC5","r1i1p1_historical","rcp26"
"BCC","BCC_CSM1_1","r1i1p1_historical","rcp85"
"CSIRO_QCCCE","CSIRO_Mk3_6_0","r1i1p1_historical","rcp85"
"IPSL","IPSL_CM5A_MR","r1i1p1_historical","rcp60"
"CSIRO_QCCCE","CSIRO_Mk3_6_0","r1i1p1_historical","rcp45"
"MOHC","HadGEM2_ES","r1i1p1_historical","rcp45"
"NIMR_KMA","HadGEM2_AO","r1i1p1_historical","rcp60"
"MPI_M","MPI_ESM_MR","r1i1p1_historical","rcp26"
"IPSL","IPSL_CM5B_LR","r1i1p1_historical","rcp45"
"MIROC","MIROC_ESM","r1i1p1_historical","rcp26"
"IPSL","IPSL_CM5B_LR","r1i1p1_historical","rcp85"
"FIO","FIO_ESM","r1i1p1_historical","rcp60"
"IPSL","IPSL_CM5A_LR","r1i1p1_historical","rcp26"
"MRI","MRI_CGCM3","r1i1p1_historical","rcp45"
"MRI","MRI_CGCM3","r1i1p1_historical","rcp85"
"CMCC","CMCC_CMS","r1i1p1_historical","rcp45"
"MPI_M","MPI_ESM_LR","r1i1p1_historical","rcp45"
"CMCC","CMCC_CMS","r1i1p1_historical","rcp85"
"MPI_M","MPI_ESM_LR","r1i1p1_historical","rcp85"
"MIROC","MIROC_ESM_CHEM","r1i1p1_historical","rcp26"
"NCC","NorESM1_M","r1i1p1_historical","rcp85"
"NCC","NorESM1_M","r1i1p1_historical","rcp45"
"CMCC","CMCC_CM","r1i1p1_historical","rcp45"
"CMCC","CMCC_CM","r1i1p1_historical","rcp85"
"LASG_CESS","FGOALS_g2","r1i1p1_historical","rcp85"
"IPSL","IPSL_CM5A_MR","r1i1p1_historical","rcp45"
"CSIRO_QCCCE","CSIRO_Mk3_6_0","r1i1p1_historical","rcp60"
"LASG_CESS","FGOALS_g2","r1i1p1_historical","rcp45"
"IPSL","IPSL_CM5A_MR","r1i1p1_historical","rcp85"
"BNU","BNU_ESM","r1i1p1_historical","rcp26"
"NASA_GISS","GISS_E2_H_CC","r1i1p1_historical","rcp45"
"BCC","BCC_CSM1_1m","r1i1p1_historical","rcp26"
"BCC","BCC_CSM1_1","r1i1p1_historical","rcp60"
